file,rms,lcorr,NbPoints
ICD12_pointcloud-ice.ply,0.0019504316,0.03045595291362895,17177.6
ICD12_pointcloud-snow.ply,0.0016332502,0.19832642102563777,28220.6
ICF3_pointcloud-ice.ply,0.00097845,0.06429538006277773,36499.85
ICF3_pointcloud-snow.ply,0.002704749,0.33422451112032664,39006.25
ICG1_pointcloud-ice.ply,0.0005962703,0.041701075316420456,29462.65
ICG1_pointcloud-snow.ply,0.0010511724,0.1182452704505734,26835.7
