site,thickness,salinity
A17,2.172727272727273,2.2125000000000004
E16,1.800714285714286,4.1625
CB22,1.835,9.285
E22,1.9580000000000002,16.83
